UTCTIME,UNIXTIME,ALT,LAT,LON,#SATS,FIX,HORZV,VERTV,HEAD,FLAGS,>40,>32,>24,RSSI,BATT,Altitude AGL,Launch detection,Apogee detection,Landing detection,Distance (feet)
Jun 12 2025 18:32:16.000 UTC,1749771136.0,2928.5,31.04431,-103.53509,32,3,0,0,107,3,6,6,9,-42,4.097,0.5,FALSE,FALSE,FALSE,0.0000
Jun 12 2025 18:32:16.199 UTC,1749771136.199,2928.4,31.04431,-103.53509,32,3,0,0,-72,3,4,9,8,-42,4.097,0.4,FALSE,FALSE,FALSE,0.0000
Jun 12 2025 18:32:16.299 UTC,1749771136.299,2928.4,31.04431,-103.53509,32,3,0,0,108,3,4,8,9,-42,4.12,0.4,FALSE,FALSE,FALSE,0.0000
Jun 12 2025 18:32:16.399 UTC,1749771136.399,2928.4,31.04431,-103.53509,32,3,0,0,-71,3,4,10,8,-42,4.12,0.4,FALSE,FALSE,FALSE,0.0000
Jun 12 2025 18:32:16.499 UTC,1749771136.499,2928.4,31.04431,-103.53509,32,3,0,0,-90,3,6,9,7,-42,4.12,0.4,FALSE,FALSE,FALSE,0.0000
Jun 12 2025 18:32:16.599 UTC,1749771136.599,2928.3,31.04431,-103.53509,32,3,0,0,0,3,6,9,7,-42,4.12,0.3,FALSE,FALSE,FALSE,0.0000
Jun 12 2025 18:32:17.000 UTC,1749771137.0,2928.3,31.04431,-103.53509,32,3,0,0,107,3,5,9,8,-42,4.12,0.3,FALSE,FALSE,FALSE,0.0000
Jun 12 2025 18:32:17.199 UTC,1749771137.199,2928.2,31.04431,-103.53509,32,3,0,0,-144,3,6,7,9,-42,4.12,0.2,FALSE,FALSE,FALSE,0.0000
Jun 12 2025 18:32:17.399 UTC,1749771137.399,2928.2,31.04431,-103.53509,32,3,0,0,36,3,5,8,9,-42,4.12,0.2,FALSE,FALSE,FALSE,0.0000
Jun 12 2025 18:32:17.499 UTC,1749771137.499,2928.2,31.04431,-103.53509,32,3,0,0,146,3,5,8,9,-42,4.12,0.2,FALSE,FALSE,FALSE,0.0000
Jun 12 2025 18:32:17.899 UTC,1749771137.899,2928.1,31.04431,-103.53509,32,3,0,0,145,3,3,9,10,-42,4.12,0.1,FALSE,FALSE,FALSE,0.0000
Jun 12 2025 18:32:18.000 UTC,1749771138.0,2928.1,31.04431,-103.53509,32,3,0,0,144,3,3,9,10,-42,4.12,0.1,FALSE,FALSE,FALSE,0.0000
Jun 12 2025 18:32:18.199 UTC,1749771138.199,2928.1,31.04431,-103.53509,32,3,0,0,-43,3,3,9,10,-42,4.12,0.1,FALSE,FALSE,FALSE,0.0000
Jun 12 2025 18:32:18.299 UTC,1749771138.299,2928.1,31.04431,-103.53509,32,3,0,0,156,3,3,9,10,-42,4.12,0.1,FALSE,FALSE,FALSE,0.0000
Jun 12 2025 18:32:18.399 UTC,1749771138.399,2928.0,31.04431,-103.53509,32,3,0,0,-75,3,3,9,10,-42,4.12,0.0,FALSE,FALSE,FALSE,0.0000
Jun 12 2025 18:32:18.499 UTC,1749771138.499,2928.0,31.04431,-103.53509,32,3,0,0,32,3,3,10,9,-42,4.12,0.0,FALSE,FALSE,FALSE,0.0000
Jun 12 2025 18:32:18.599 UTC,1749771138.599,2928.0,31.04431,-103.53509,32,3,0,0,-114,3,3,9,10,-42,4.12,0.0,FALSE,FALSE,FALSE,0.0000
Jun 12 2025 18:32:18.699 UTC,1749771138.699,2928.0,31.04431,-103.53509,32,3,0,0,-21,3,3,9,10,-42,4.12,-0.0,FALSE,FALSE,FALSE,0.0000
Jun 12 2025 18:32:18.799 UTC,1749771138.799,2928.0,31.04431,-103.53509,32,3,0,0,136,3,3,10,9,-42,4.12,-0.0,FALSE,FALSE,FALSE,0.0000
Jun 12 2025 18:32:19.000 UTC,1749771139.0,2928.0,31.04431,-103.53509,32,3,0,0,72,3,3,10,9,-42,4.118,-0.0,FALSE,FALSE,FALSE,0.0000
Jun 12 2025 18:32:19.199 UTC,1749771139.199,2928.0,31.04431,-103.53509,32,3,0,0,145,3,3,9,10,-42,4.118,-0.0,FALSE,FALSE,FALSE,0.0000
Jun 12 2025 18:32:19.399 UTC,1749771139.399,2927.9,31.04431,-103.53509,32,3,0,0,-158,3,3,9,10,-42,4.118,-0.1,FALSE,FALSE,FALSE,0.0000
Jun 12 2025 18:32:19.499 UTC,1749771139.499,2927.9,31.04431,-103.53509,32,3,0,0,135,3,3,9,10,-42,4.118,-0.1,FALSE,FALSE,FALSE,0.0000
Jun 12 2025 18:32:19.599 UTC,1749771139.599,2927.9,31.04431,-103.53509,32,3,0,0,-143,3,3,9,10,-42,4.118,-0.1,FALSE,FALSE,FALSE,0.0000
Jun 12 2025 18:32:19.799 UTC,1749771139.799,2927.9,31.04431,-103.53509,32,3,0,0,147,3,3,10,9,-42,4.118,-0.1,FALSE,FALSE,FALSE,0.0000
Jun 12 2025 18:32:20.000 UTC,1749771140.0,2927.9,31.04431,-103.53509,32,3,0,0,-45,3,3,10,9,-42,4.118,-0.1,FALSE,FALSE,FALSE,0.0000
Jun 12 2025 18:32:20.199 UTC,1749771140.199,2927.9,31.04431,-103.53509,32,3,0,0,-32,3,3,10,9,-42,4.118,-0.1,FALSE,FALSE,FALSE,0.0000
Jun 12 2025 18:32:20.299 UTC,1749771140.299,2927.9,31.04431,-103.53509,32,3,0,0,147,3,3,11,8,-42,4.118,-0.1,FALSE,FALSE,FALSE,0.0000
Jun 12 2025 18:32:20.399 UTC,1749771140.399,2927.9,31.04431,-103.53509,32,3,0,0,-45,3,3,10,9,-42,4.118,-0.1,FALSE,FALSE,FALSE,0.0000
Jun 12 2025 18:32:20.499 UTC,1749771140.499,2927.9,31.04431,-103.53509,32,3,0,0,158,3,3,11,8,-42,4.118,-0.1,FALSE,FALSE,FALSE,0.0000
Jun 12 2025 18:32:20.599 UTC,1749771140.599,2927.8,31.04431,-103.53509,32,3,0,0,-23,3,3,11,8,-42,4.118,-0.2,FALSE,FALSE,FALSE,0.0000
Jun 12 2025 18:32:20.699 UTC,1749771140.699,2927.8,31.04431,-103.53509,32,3,0,0,4,3,3,11,8,-42,4.118,-0.2,FALSE,FALSE,FALSE,0.0000
Jun 12 2025 18:32:20.799 UTC,1749771140.799,2927.8,31.04431,-103.53509,32,3,0,0,128,3,3,11,8,-42,4.118,-0.2,FALSE,FALSE,FALSE,0.0000
Jun 12 2025 18:32:20.899 UTC,1749771140.899,2927.8,31.04431,-103.53509,32,3,0,0,161,3,3,11,8,-42,4.118,-0.2,FALSE,FALSE,FALSE,0.0000
Jun 12 2025 18:32:21.000 UTC,1749771141.0,2927.8,31.04431,-103.53509,32,3,0,0,-118,3,3,11,8,-42,4.118,-0.2,FALSE,FALSE,FALSE,0.0000
Jun 12 2025 18:32:21.199 UTC,1749771141.199,2927.8,31.04431,-103.53509,32,3,0,0,-51,3,3,10,9,-42,4.118,-0.2,FALSE,FALSE,FALSE,0.0000
Jun 12 2025 18:32:21.299 UTC,1749771141.299,2927.8,31.04431,-103.53509,32,3,0,0,153,3,3,10,9,-42,4.118,-0.2,FALSE,FALSE,FALSE,0.0000
Jun 12 2025 18:32:21.399 UTC,1749771141.399,2927.8,31.04431,-103.53509,32,3,0,0,45,3,3,10,9,-42,4.118,-0.2,FALSE,FALSE,FALSE,0.0000
Jun 12 2025 18:32:21.499 UTC,1749771141.499,2927.8,31.04431,-103.53509,32,3,0,0,32,3,3,10,9,-42,4.099,-0.2,FALSE,FALSE,FALSE,0.0000
Jun 12 2025 18:32:21.599 UTC,1749771141.599,2927.8,31.04431,-103.53509,32,3,0,0,-153,3,3,10,10,-42,4.099,-0.2,FALSE,FALSE,FALSE,0.0000
Jun 12 2025 18:32:21.699 UTC,1749771141.699,2928.2,31.04431,-103.53509,30,3,5,8,-127,3,5,9,9,-42,4.099,0.2,TRUE,FALSE,FALSE,0.6236
Jun 12 2025 18:32:21.799 UTC,1749771141.799,2932.0,31.04431,-103.53509,32,3,3,64,-60,3,4,6,11,-42,4.099,4.0,TRUE,FALSE,FALSE,0.6236
Jun 12 2025 18:32:21.899 UTC,1749771141.899,2942.9,31.04431,-103.53509,32,3,11,139,27,3,1,8,8,-42,4.099,14.9,TRUE,FALSE,FALSE,0.0000
Jun 12 2025 18:32:22.000 UTC,1749771142.0,2961.5,31.04431,-103.53508,30,3,18,209,26,3,1,9,7,-42,4.099,33.5,TRUE,FALSE,FALSE,3.1799
Jun 12 2025 18:32:22.199 UTC,1749771142.199,3016.2,31.04432,-103.53508,23,3,14,329,18,3,1,8,3,-42,4.099,88.2,TRUE,FALSE,FALSE,5.4278
Jun 12 2025 18:32:22.299 UTC,1749771142.299,3054.0,31.04432,-103.53508,22,3,2,383,0,3,2,5,7,-42,4.099,126.0,TRUE,FALSE,FALSE,6.7168
Jun 12 2025 18:32:22.499 UTC,1749771142.499,3147.5,31.04432,-103.53508,19,3,21,515,-146,3,1,6,5,-42,4.099,219.5,TRUE,FALSE,FALSE,6.0624
Jun 12 2025 18:32:22.599 UTC,1749771142.599,3204.3,31.04432,-103.53508,19,3,28,576,-152,3,1,5,5,-42,4.099,276.3,TRUE,FALSE,FALSE,4.8105
Jun 12 2025 18:32:22.699 UTC,1749771142.699,3267.1,31.04431,-103.53509,18,3,29,633,-157,3,1,7,4,-42,4.099,339.1,TRUE,FALSE,FALSE,2.0917
Jun 12 2025 18:32:22.799 UTC,1749771142.799,3336.9,31.04431,-103.53509,17,3,27,694,-159,3,1,5,5,-42,4.099,408.9,TRUE,FALSE,FALSE,0.0000
Jun 12 2025 18:32:23.000 UTC,1749771143.0,3494.6,31.04430,-103.53510,17,3,30,814,-160,3,0,5,6,-42,4.099,566.6,TRUE,FALSE,FALSE,4.8105
Jun 12 2025 18:32:23.199 UTC,1749771143.199,3660.1,31.04428,-103.53510,16,3,23,825,-162,3,0,7,5,-42,4.099,732.1,TRUE,FALSE,FALSE,8.6918
Jun 12 2025 18:32:23.399 UTC,1749771143.399,3825.6,31.04427,-103.53510,15,3,20,819,-170,3,0,6,5,-42,4.099,897.6,TRUE,FALSE,FALSE,14.0698
Jun 12 2025 18:32:23.499 UTC,1749771143.499,3908.8,31.04427,-103.53510,15,3,19,818,-172,3,1,5,4,-42,4.099,980.8,TRUE,FALSE,FALSE,16.0518
Jun 12 2025 18:32:23.599 UTC,1749771143.599,3991.5,31.04426,-103.53510,14,3,17,815,-166,3,0,7,3,-42,4.099,1063.5,TRUE,FALSE,FALSE,18.0531
Jun 12 2025 18:32:23.699 UTC,1749771143.699,4072.8,31.04425,-103.53510,14,3,16,808,-161,3,0,7,2,-42,4.099,1144.8,TRUE,FALSE,FALSE,20.0778
Jun 12 2025 18:32:23.799 UTC,1749771143.799,4154.1,31.04425,-103.53511,16,3,17,805,-155,3,1,5,5,-42,4.11,1226.1,TRUE,FALSE,FALSE,22.0929
Jun 12 2025 18:32:23.899 UTC,1749771143.899,4234.1,31.04425,-103.53511,16,3,21,801,-151,3,1,4,7,-42,4.11,1306.1,TRUE,FALSE,FALSE,23.4154
Jun 12 2025 18:32:24.000 UTC,1749771144.0,4314.1,31.04424,-103.53511,18,3,22,796,-155,3,0,8,5,-42,4.11,1386.1,TRUE,FALSE,FALSE,25.4107
Jun 12 2025 18:32:24.199 UTC,1749771144.199,4472.5,31.04423,-103.53512,17,3,21,784,-170,3,1,3,7,-42,4.11,1544.5,TRUE,FALSE,FALSE,30.1158
Jun 12 2025 18:32:24.299 UTC,1749771144.299,4551.1,31.04422,-103.53512,19,3,19,778,-172,3,1,5,6,-42,4.11,1623.1,TRUE,FALSE,FALSE,32.1036
Jun 12 2025 18:32:24.399 UTC,1749771144.399,4629.3,31.04422,-103.53512,19,3,17,772,-169,3,0,6,6,-42,4.11,1701.3,TRUE,FALSE,FALSE,33.4358
Jun 12 2025 18:32:24.499 UTC,1749771144.499,4707.3,31.04421,-103.53512,23,3,17,767,-163,3,0,9,5,-42,4.11,1779.3,TRUE,FALSE,FALSE,35.4445
Jun 12 2025 18:32:24.599 UTC,1749771144.599,4784.7,31.04421,-103.53513,22,3,17,763,-156,3,0,10,4,-42,4.11,1856.7,TRUE,FALSE,FALSE,37.4778
Jun 12 2025 18:32:24.699 UTC,1749771144.699,4861.1,31.04421,-103.53513,23,3,18,758,-152,3,1,6,8,-42,4.11,1933.1,TRUE,FALSE,FALSE,38.8009
Jun 12 2025 18:32:24.799 UTC,1749771144.799,4937.0,31.04420,-103.53513,21,3,21,754,-154,3,0,7,7,-42,4.11,2009.0,TRUE,FALSE,FALSE,40.7945
Jun 12 2025 18:32:24.899 UTC,1749771144.899,5012.5,31.04420,-103.53513,20,3,22,748,-159,3,0,8,7,-42,4.11,2084.5,TRUE,FALSE,FALSE,43.5240
Jun 12 2025 18:32:25.000 UTC,1749771145.0,5087.6,31.04419,-103.53513,23,3,23,744,-165,3,1,7,8,-42,4.11,2159.6,TRUE,FALSE,FALSE,45.5019
Jun 12 2025 18:32:25.199 UTC,1749771145.199,5235.5,31.04418,-103.53513,23,3,19,731,-170,3,1,9,7,-42,4.11,2307.5,TRUE,FALSE,FALSE,48.8211
Jun 12 2025 18:32:25.299 UTC,1749771145.299,5309.2,31.04417,-103.53513,23,3,18,727,-169,3,0,9,7,-42,4.11,2381.2,TRUE,FALSE,FALSE,50.8224
Jun 12 2025 18:32:25.399 UTC,1749771145.399,5382.5,31.04417,-103.53514,25,3,16,723,-162,3,0,8,8,-42,4.11,2454.5,TRUE,FALSE,FALSE,52.8657
Jun 12 2025 18:32:25.499 UTC,1749771145.499,5455.3,31.04416,-103.53514,28,3,17,718,-157,3,0,11,6,-42,4.11,2527.3,TRUE,FALSE,FALSE,54.8533
Jun 12 2025 18:32:25.599 UTC,1749771145.599,5527.7,31.04416,-103.53514,29,3,18,714,-153,3,0,9,8,-42,4.11,2599.7,TRUE,FALSE,FALSE,56.1808
Jun 12 2025 18:32:25.699 UTC,1749771145.699,5599.4,31.04416,-103.53514,28,3,19,709,-152,3,1,6,11,-42,4.11,2671.4,TRUE,FALSE,FALSE,57.5124
Jun 12 2025 18:32:25.799 UTC,1749771145.799,5670.6,31.04415,-103.53515,29,3,21,703,-156,3,0,10,9,-42,4.11,2742.6,TRUE,FALSE,FALSE,59.5694
Jun 12 2025 18:32:25.899 UTC,1749771145.899,5741.7,31.04415,-103.53515,30,3,22,699,-163,3,3,14,3,-42,4.11,2813.7,TRUE,FALSE,FALSE,61.5538
Jun 12 2025 18:32:26.000 UTC,1749771146.0,5811.9,31.04414,-103.53515,30,3,21,695,-168,3,1,14,8,-42,4.078,2883.9,TRUE,FALSE,FALSE,63.5427
Jun 12 2025 18:32:26.199 UTC,1749771146.199,5950.2,31.04413,-103.53516,26,3,18,684,-167,3,2,10,5,-42,4.078,3022.2,TRUE,FALSE,FALSE,67.5932
Jun 12 2025 18:32:26.299 UTC,1749771146.299,6018.8,31.04413,-103.53516,29,3,17,680,-166,3,0,10,9,-42,4.078,3090.8,TRUE,FALSE,FALSE,69.5779
Jun 12 2025 18:32:26.399 UTC,1749771146.399,6087.2,31.04412,-103.53516,29,3,17,675,-162,3,0,11,8,-42,4.078,3159.2,TRUE,FALSE,FALSE,70.9040
Jun 12 2025 18:32:26.499 UTC,1749771146.499,6155.1,31.04412,-103.53516,28,3,17,671,-153,3,0,8,11,-42,4.078,3227.1,TRUE,FALSE,FALSE,72.2327
Jun 12 2025 18:32:26.699 UTC,1749771146.699,6288.8,31.04411,-103.53516,28,3,20,660,-154,3,0,7,12,-42,4.078,3360.8,TRUE,FALSE,FALSE,76.2788
Jun 12 2025 18:32:26.799 UTC,1749771146.799,6354.8,31.04411,-103.53516,30,3,22,655,-160,3,0,13,9,-42,4.078,3426.8,TRUE,FALSE,FALSE,77.6031
Jun 12 2025 18:32:26.899 UTC,1749771146.899,6420.7,31.04410,-103.53516,30,3,22,651,-164,3,1,11,9,-42,4.078,3492.7,TRUE,FALSE,FALSE,79.5935
Jun 12 2025 18:32:27.000 UTC,1749771147.0,6486.2,31.04409,-103.53516,31,3,20,647,-167,3,1,12,8,-42,4.078,3558.2,TRUE,FALSE,FALSE,81.5902
Jun 12 2025 18:32:27.199 UTC,1749771147.199,6615.0,31.04408,-103.53517,29,3,17,638,-167,3,0,12,9,-42,4.078,3687.0,TRUE,FALSE,FALSE,85.6290
Jun 12 2025 18:32:27.299 UTC,1749771147.299,6678.8,31.04408,-103.53517,30,3,16,633,-164,3,1,8,11,-42,4.078,3750.8,TRUE,FALSE,FALSE,87.6202
Jun 12 2025 18:32:27.399 UTC,1749771147.399,6742.3,31.04408,-103.53517,29,3,17,629,-160,3,1,10,9,-42,4.078,3814.3,TRUE,FALSE,FALSE,88.9500
Jun 12 2025 18:32:27.499 UTC,1749771147.499,6805.4,31.04407,-103.53517,30,3,17,626,-153,3,0,11,10,-42,4.078,3877.4,TRUE,FALSE,FALSE,90.2824
Jun 12 2025 18:32:27.599 UTC,1749771147.599,6868.0,31.04407,-103.53517,30,3,18,620,-153,3,0,6,14,-42,4.078,3940.0,TRUE,FALSE,FALSE,91.6160
Jun 12 2025 18:32:27.699 UTC,1749771147.699,6930.2,31.04406,-103.53518,29,3,20,616,-153,3,0,11,9,-42,4.078,4002.2,TRUE,FALSE,FALSE,93.6543
Jun 12 2025 18:32:27.799 UTC,1749771147.799,6992.1,31.04406,-103.53518,31,3,21,610,-157,3,0,11,10,-42,4.078,4064.1,TRUE,FALSE,FALSE,95.6462
Jun 12 2025 18:32:27.899 UTC,1749771147.899,7053.9,31.04405,-103.53518,31,3,21,607,-162,3,1,10,11,-42,4.078,4125.9,TRUE,FALSE,FALSE,97.6422
Jun 12 2025 18:32:28.000 UTC,1749771148.0,7114.9,31.04405,-103.53519,31,3,21,603,-165,3,1,10,12,-42,4.078,4186.9,TRUE,FALSE,FALSE,100.3539
Jun 12 2025 18:32:28.199 UTC,1749771148.199,7235.1,31.04404,-103.53519,30,3,18,593,-168,3,1,13,8,-42,4.078,4307.1,TRUE,FALSE,FALSE,103.6727
Jun 12 2025 18:32:28.299 UTC,1749771148.299,7294.5,31.04403,-103.53519,30,3,16,589,-166,3,1,11,10,-42,4.078,4366.5,TRUE,FALSE,FALSE,105.0024
Jun 12 2025 18:32:28.399 UTC,1749771148.399,7353.8,31.04403,-103.53519,31,3,17,584,-163,3,1,10,12,-42,4.111,4425.8,TRUE,FALSE,FALSE,107.0002
Jun 12 2025 18:32:28.499 UTC,1749771148.499,7412.6,31.04402,-103.53519,31,3,17,581,-158,3,1,10,12,-42,4.111,4484.6,TRUE,FALSE,FALSE,108.3349
Jun 12 2025 18:32:28.699 UTC,1749771148.699,7528.4,31.04401,-103.53519,31,3,18,572,-152,3,1,8,13,-42,4.111,4600.4,TRUE,FALSE,FALSE,112.3634
Jun 12 2025 18:32:28.799 UTC,1749771148.799,7586.2,31.04401,-103.53519,31,3,19,568,-153,3,1,9,12,-42,4.111,4658.2,TRUE,FALSE,FALSE,113.6942
Jun 12 2025 18:32:28.899 UTC,1749771148.899,7643.4,31.04400,-103.53520,31,3,20,563,-157,3,0,11,11,-42,4.111,4715.4,TRUE,FALSE,FALSE,116.4053
Jun 12 2025 18:32:29.000 UTC,1749771149.0,7700.2,31.04400,-103.53520,30,3,20,559,-161,3,0,11,11,-42,4.111,4772.2,TRUE,FALSE,FALSE,117.7317
Jun 12 2025 18:32:29.199 UTC,1749771149.199,7811.8,31.04399,-103.53521,29,3,19,551,-165,3,0,10,9,-42,4.111,4883.8,TRUE,FALSE,FALSE,122.4439
Jun 12 2025 18:32:29.299 UTC,1749771149.299,7867.1,31.04399,-103.53521,30,3,18,547,-166,3,0,13,7,-42,4.111,4939.1,TRUE,FALSE,FALSE,123.7684
Jun 12 2025 18:32:29.399 UTC,1749771149.399,7922.0,31.04398,-103.53521,30,3,17,543,-165,3,1,11,8,-42,4.111,4994.0,TRUE,FALSE,FALSE,125.7572
Jun 12 2025 18:32:29.499 UTC,1749771149.499,7976.4,31.04398,-103.53521,29,3,16,539,-162,3,0,9,9,-42,4.111,5048.4,TRUE,FALSE,FALSE,127.0855
Jun 12 2025 18:32:29.599 UTC,1749771149.599,8030.5,31.04397,-103.53521,30,3,16,534,-158,3,1,11,8,-42,4.111,5102.5,TRUE,FALSE,FALSE,128.4151
Jun 12 2025 18:32:29.699 UTC,1749771149.699,8084.3,31.04397,-103.53522,30,3,17,531,-155,3,0,11,11,-42,4.111,5156.3,TRUE,FALSE,FALSE,130.4691
Jun 12 2025 18:32:29.799 UTC,1749771149.799,8137.5,31.04396,-103.53522,30,3,18,527,-153,3,0,11,11,-42,4.111,5209.5,TRUE,FALSE,FALSE,131.7937
Jun 12 2025 18:32:29.899 UTC,1749771149.899,8190.4,31.04396,-103.53522,30,3,18,522,-153,3,1,8,14,-42,4.111,5262.4,TRUE,FALSE,FALSE,133.1202
Jun 12 2025 18:32:30.000 UTC,1749771150.0,8243.0,31.04395,-103.53522,30,3,20,518,-156,3,0,11,12,-42,4.111,5315.0,TRUE,FALSE,FALSE,135.1120
Jun 12 2025 18:32:30.199 UTC,1749771150.199,8346.5,31.04395,-103.53522,28,3,20,511,-161,3,0,9,10,-42,4.111,5418.5,TRUE,FALSE,FALSE,139.1566
Jun 12 2025 18:32:30.299 UTC,1749771150.299,8397.9,31.04394,-103.53522,31,3,19,506,-161,3,1,9,11,-42,4.111,5469.9,TRUE,FALSE,FALSE,141.1456
Jun 12 2025 18:32:30.399 UTC,1749771150.399,8448.7,31.04393,-103.53523,30,3,19,502,-163,3,1,11,9,-42,4.111,5520.7,TRUE,FALSE,FALSE,143.8726
Jun 12 2025 18:32:30.499 UTC,1749771150.499,8499.0,31.04393,-103.53523,29,3,18,498,-165,3,0,13,7,-42,4.111,5571.0,TRUE,FALSE,FALSE,145.1952
Jun 12 2025 18:32:30.699 UTC,1749771150.699,8598.3,31.04392,-103.53523,29,3,16,491,-163,3,0,8,11,-42,4.111,5670.3,TRUE,FALSE,FALSE,148.5077
Jun 12 2025 18:32:30.799 UTC,1749771150.799,8647.6,31.04392,-103.53523,29,3,16,486,-160,3,0,8,12,-42,4.11,5719.6,TRUE,FALSE,FALSE,149.8354
Jun 12 2025 18:32:30.899 UTC,1749771150.899,8696.8,31.04391,-103.53524,30,3,17,482,-157,3,0,12,10,-42,4.11,5768.8,TRUE,FALSE,FALSE,152.5582
Jun 12 2025 18:32:31.099 UTC,1749771151.099,8793.2,31.04390,-103.53524,30,3,18,475,-154,3,0,9,12,-42,4.11,5865.2,TRUE,FALSE,FALSE,155.2069
Jun 12 2025 18:32:31.299 UTC,1749771151.299,8888.1,31.04389,-103.53525,31,3,19,466,-157,3,0,9,12,-42,4.11,5960.1,TRUE,FALSE,FALSE,159.9220
Jun 12 2025 18:32:31.499 UTC,1749771151.499,8981.5,31.04388,-103.53525,30,3,20,459,-161,3,0,11,9,-42,4.11,6053.5,TRUE,FALSE,FALSE,163.2328
Jun 12 2025 18:32:31.699 UTC,1749771151.699,9073.1,31.04387,-103.53526,31,3,19,451,-162,3,0,11,9,-42,4.11,6145.1,TRUE,FALSE,FALSE,167.2854
Jun 12 2025 18:32:31.799 UTC,1749771151.799,9118.3,31.04387,-103.53526,31,3,18,448,-165,3,0,11,9,-42,4.11,6190.3,TRUE,FALSE,FALSE,169.2707
Jun 12 2025 18:32:32.000 UTC,1749771152.0,9207.4,31.04386,-103.53526,30,3,17,440,-164,3,1,9,13,-42,4.11,6279.4,TRUE,FALSE,FALSE,172.5850
Jun 12 2025 18:32:32.199 UTC,1749771152.199,9294.9,31.04385,-103.53526,30,3,17,432,-160,3,0,12,10,-42,4.11,6366.9,TRUE,FALSE,FALSE,176.6336
Jun 12 2025 18:32:32.299 UTC,1749771152.299,9338.3,31.04384,-103.53526,31,3,17,429,-155,3,0,12,10,-42,4.11,6410.3,TRUE,FALSE,FALSE,177.9585
Jun 12 2025 18:32:32.699 UTC,1749771152.699,9507.5,31.04383,-103.53527,31,3,19,413,-157,3,0,13,9,-42,4.11,6579.5,TRUE,FALSE,FALSE,184.6589
Jun 12 2025 18:32:32.799 UTC,1749771152.799,9549.2,31.04382,-103.53528,31,3,19,409,-158,3,0,13,10,-42,4.11,6621.2,TRUE,FALSE,FALSE,187.3933
Jun 12 2025 18:32:32.899 UTC,1749771152.899,9590.5,31.04382,-103.53528,31,3,19,406,-160,3,0,10,13,-42,4.11,6662.5,TRUE,FALSE,FALSE,188.7143
Jun 12 2025 18:32:33.000 UTC,1749771153.0,9631.0,31.04381,-103.53528,31,3,19,402,-162,3,0,10,14,-42,4.11,6703.0,TRUE,FALSE,FALSE,190.6978
Jun 12 2025 18:32:33.199 UTC,1749771153.199,9710.8,31.04380,-103.53529,31,3,18,395,-164,3,0,10,14,-42,4.11,6782.8,TRUE,FALSE,FALSE,194.7567
Jun 12 2025 18:32:33.599 UTC,1749771153.599,9866.1,31.04378,-103.53529,31,3,17,380,-161,3,1,8,12,-42,4.11,6938.1,TRUE,FALSE,FALSE,202.1206
Jun 12 2025 18:32:33.699 UTC,1749771153.699,9904.1,31.04378,-103.53529,31,3,17,376,-159,3,1,8,12,-42,4.11,6976.1,TRUE,FALSE,FALSE,203.4415
Jun 12 2025 18:32:33.899 UTC,1749771153.899,9978.8,31.04377,-103.53529,30,3,17,369,-155,3,0,12,11,-42,4.11,7050.8,TRUE,FALSE,FALSE,206.7480
Jun 12 2025 18:32:34.099 UTC,1749771154.099,10052.1,31.04376,-103.53530,30,3,18,361,-155,3,0,8,14,-42,4.11,7124.1,TRUE,FALSE,FALSE,210.8048
Jun 12 2025 18:32:34.299 UTC,1749771154.299,10124.0,31.04375,-103.53531,31,3,19,354,-157,3,0,8,14,-42,4.11,7196.0,TRUE,FALSE,FALSE,214.8688
Jun 12 2025 18:32:34.499 UTC,1749771154.499,10194.3,31.04374,-103.53531,31,3,19,347,-159,3,3,12,10,-42,4.11,7266.3,TRUE,FALSE,FALSE,218.1687
Jun 12 2025 18:32:34.699 UTC,1749771154.699,10263.3,31.04373,-103.53532,30,3,19,340,-161,3,1,11,11,-42,4.11,7335.3,TRUE,FALSE,FALSE,222.2323
Jun 12 2025 18:32:34.899 UTC,1749771154.899,10330.9,31.04372,-103.53532,31,3,18,333,-163,3,3,10,8,-42,4.11,7402.9,TRUE,FALSE,FALSE,225.5321
Jun 12 2025 18:32:35.299 UTC,1749771155.299,10461.7,31.04370,-103.53532,31,3,17,318,-162,3,2,12,7,-42,4.11,7533.7,TRUE,FALSE,FALSE,232.8958
Jun 12 2025 18:32:35.499 UTC,1749771155.499,10524.9,31.04369,-103.53532,31,3,17,312,-159,3,3,11,8,-42,4.11,7596.9,TRUE,FALSE,FALSE,236.2009
Jun 12 2025 18:32:35.699 UTC,1749771155.699,10586.7,31.04369,-103.53533,30,3,18,305,-157,3,3,11,8,-42,4.11,7658.7,TRUE,FALSE,FALSE,239.5993
Jun 12 2025 18:32:35.899 UTC,1749771155.899,10647.3,31.04368,-103.53534,30,3,18,298,-156,3,3,11,8,-42,4.11,7719.3,TRUE,FALSE,FALSE,243.6642
Jun 12 2025 18:32:36.099 UTC,1749771156.099,10706.4,31.04367,-103.53534,31,3,19,291,-157,3,0,11,11,-42,4.11,7778.4,TRUE,FALSE,FALSE,246.9627
Jun 12 2025 18:32:36.299 UTC,1749771156.299,10764.2,31.04366,-103.53535,31,3,19,284,-158,3,0,16,5,-42,4.11,7836.2,TRUE,FALSE,FALSE,251.0282
Jun 12 2025 18:32:36.399 UTC,1749771156.399,10792.8,31.04365,-103.53535,31,3,19,281,-160,3,1,15,5,-42,4.11,7864.8,TRUE,FALSE,FALSE,253.0067
Jun 12 2025 18:32:36.499 UTC,1749771156.499,10821.0,31.04365,-103.53535,31,3,19,277,-160,3,2,15,4,-42,4.11,7893.0,TRUE,FALSE,FALSE,254.9869
Jun 12 2025 18:32:36.599 UTC,1749771156.599,10848.9,31.04364,-103.53535,31,3,19,274,-161,3,1,15,6,-42,4.11,7920.9,TRUE,FALSE,FALSE,257.0740
Jun 12 2025 18:32:36.699 UTC,1749771156.699,10876.2,31.04364,-103.53535,31,3,19,271,-161,3,1,13,8,-42,4.11,7948.2,TRUE,FALSE,FALSE,259.0511
Jun 12 2025 18:32:36.799 UTC,1749771156.799,10903.3,31.04363,-103.53535,31,3,18,267,-162,3,0,12,10,-42,4.11,7975.3,TRUE,FALSE,FALSE,260.3705
Jun 12 2025 18:32:36.899 UTC,1749771156.899,10929.9,31.04363,-103.53535,31,3,18,264,-162,3,0,14,8,-42,4.11,8001.9,TRUE,FALSE,FALSE,262.3503
Jun 12 2025 18:32:37.000 UTC,1749771157.0,10956.2,31.04362,-103.53535,31,3,18,260,-162,3,2,13,6,-42,4.11,8028.2,TRUE,FALSE,FALSE,264.3323
Jun 12 2025 18:32:37.199 UTC,1749771157.199,11007.7,31.04361,-103.53536,31,3,18,253,-161,3,1,11,10,-42,4.11,8079.7,TRUE,FALSE,FALSE,267.7340
Jun 12 2025 18:32:37.299 UTC,1749771157.299,11033.0,31.04361,-103.53536,31,3,17,250,-161,3,1,11,11,-42,4.11,8105.0,TRUE,FALSE,FALSE,269.7141
Jun 12 2025 18:32:37.399 UTC,1749771157.399,11057.8,31.04360,-103.53536,31,3,17,247,-160,3,0,12,10,-42,4.111,8129.8,TRUE,FALSE,FALSE,271.0351
Jun 12 2025 18:32:37.499 UTC,1749771157.499,11082.4,31.04360,-103.53537,31,3,17,243,-160,3,0,12,10,-42,4.111,8154.4,TRUE,FALSE,FALSE,273.7787
Jun 12 2025 18:32:37.599 UTC,1749771157.599,11106.6,31.04359,-103.53537,31,3,17,240,-159,3,2,11,8,-42,4.111,8178.6,TRUE,FALSE,FALSE,275.0978
Jun 12 2025 18:32:37.699 UTC,1749771157.699,11130.5,31.04359,-103.53537,31,3,18,236,-159,3,1,13,7,-42,4.111,8202.5,TRUE,FALSE,FALSE,276.4178
Jun 12 2025 18:32:37.799 UTC,1749771157.799,11154.0,31.04358,-103.53537,30,3,18,233,-157,3,1,11,8,-42,4.111,8226.0,TRUE,FALSE,FALSE,278.3988
Jun 12 2025 18:32:37.899 UTC,1749771157.899,11177.3,31.04358,-103.53538,29,3,18,230,-157,3,2,12,6,-42,4.111,8249.3,TRUE,FALSE,FALSE,280.4835
Jun 12 2025 18:32:38.000 UTC,1749771158.0,11200.1,31.04358,-103.53538,30,3,18,227,-157,3,1,11,9,-42,4.111,8272.1,TRUE,FALSE,FALSE,281.8022
Jun 12 2025 18:32:38.199 UTC,1749771158.199,11244.9,31.04357,-103.53539,30,3,18,220,-156,3,1,11,9,-42,4.111,8316.9,TRUE,FALSE,FALSE,285.8706
Jun 12 2025 18:32:38.299 UTC,1749771158.299,11266.9,31.04356,-103.53539,30,3,18,217,-157,3,2,7,11,-42,4.111,8338.9,TRUE,FALSE,FALSE,287.8473
Jun 12 2025 18:32:38.399 UTC,1749771158.399,11288.5,31.04356,-103.53539,30,3,19,213,-157,3,2,8,10,-42,4.111,8360.5,TRUE,FALSE,FALSE,289.1660
Jun 12 2025 18:32:38.499 UTC,1749771158.499,11309.8,31.04355,-103.53539,30,3,19,209,-157,3,1,11,8,-42,4.111,8381.8,TRUE,FALSE,FALSE,291.9175
Jun 12 2025 18:32:38.599 UTC,1749771158.599,11330.9,31.04355,-103.53539,31,3,19,206,-158,3,0,11,10,-42,4.111,8402.9,TRUE,FALSE,FALSE,293.2342
Jun 12 2025 18:32:38.699 UTC,1749771158.699,11351.6,31.04354,-103.53539,31,3,19,203,-159,3,0,12,10,-42,4.111,8423.6,TRUE,FALSE,FALSE,295.2110
Jun 12 2025 18:32:38.799 UTC,1749771158.799,11372.1,31.04354,-103.53539,30,3,19,199,-159,3,0,13,10,-42,4.111,8444.1,TRUE,FALSE,FALSE,296.5295
Jun 12 2025 18:32:38.899 UTC,1749771158.899,11392.2,31.04353,-103.53540,31,3,19,196,-160,3,1,14,8,-42,4.111,8464.2,TRUE,FALSE,FALSE,299.2810
Jun 12 2025 18:32:39.000 UTC,1749771159.0,11411.9,31.04353,-103.53540,30,3,19,193,-160,3,1,12,9,-42,4.111,8483.9,TRUE,FALSE,FALSE,301.2569
Jun 12 2025 18:32:39.199 UTC,1749771159.199,11450.2,31.04352,-103.53540,31,3,19,187,-161,3,1,12,8,-42,4.111,8522.2,TRUE,FALSE,FALSE,304.5529
Jun 12 2025 18:32:39.299 UTC,1749771159.299,11468.8,31.04351,-103.53541,31,3,19,183,-161,3,2,11,8,-42,4.111,8540.8,TRUE,FALSE,FALSE,307.3031
Jun 12 2025 18:32:39.499 UTC,1749771159.499,11505.1,31.04350,-103.53541,31,3,18,177,-162,3,2,12,6,-42,4.111,8577.1,TRUE,FALSE,FALSE,310.5978
Jun 12 2025 18:32:39.599 UTC,1749771159.599,11522.7,31.04350,-103.53541,31,3,18,173,-162,3,2,12,7,-42,4.111,8594.7,TRUE,FALSE,FALSE,311.9167
Jun 12 2025 18:32:39.699 UTC,1749771159.699,11540.1,31.04349,-103.53542,31,3,18,170,-162,3,2,12,7,-42,4.111,8612.1,TRUE,FALSE,FALSE,314.6670
Jun 12 2025 18:32:39.799 UTC,1749771159.799,11557.0,31.04349,-103.53542,31,3,18,167,-162,3,2,12,7,-42,4.111,8629.0,TRUE,FALSE,FALSE,315.9843
Jun 12 2025 18:32:39.899 UTC,1749771159.899,11573.6,31.04348,-103.53542,31,3,18,163,-161,3,2,12,7,-42,4.111,8645.6,TRUE,FALSE,FALSE,317.9614
Jun 12 2025 18:32:40.000 UTC,1749771160.0,11589.8,31.04348,-103.53542,31,3,18,160,-161,3,2,10,9,-42,4.111,8661.8,TRUE,FALSE,FALSE,319.2803
Jun 12 2025 18:32:40.199 UTC,1749771160.199,11621.2,31.04347,-103.53542,31,3,18,153,-160,3,2,10,9,-42,4.111,8693.2,TRUE,FALSE,FALSE,323.3482
Jun 12 2025 18:32:40.399 UTC,1749771160.399,11651.4,31.04346,-103.53542,31,3,18,147,-159,3,3,11,9,-42,4.111,8723.4,TRUE,FALSE,FALSE,326.6440
Jun 12 2025 18:32:40.599 UTC,1749771160.599,11680.3,31.04345,-103.53543,31,3,18,140,-158,3,3,11,9,-42,4.111,8752.3,TRUE,FALSE,FALSE,330.7120
Jun 12 2025 18:32:40.799 UTC,1749771160.799,11708.0,31.04344,-103.53543,31,3,18,134,-158,3,1,12,9,-42,4.111,8780.0,TRUE,FALSE,FALSE,334.0080
Jun 12 2025 18:32:41.000 UTC,1749771161.0,11734.3,31.04343,-103.53544,31,3,18,127,-157,3,3,11,8,-42,4.111,8806.3,TRUE,FALSE,FALSE,337.4170
Jun 12 2025 18:32:41.199 UTC,1749771161.199,11759.4,31.04342,-103.53545,31,3,18,121,-157,3,2,9,11,-42,4.111,8831.4,TRUE,FALSE,FALSE,341.4893
Jun 12 2025 18:32:41.299 UTC,1749771161.299,11771.6,31.04342,-103.53545,31,3,19,117,-158,3,3,8,11,-42,4.111,8843.6,TRUE,FALSE,FALSE,343.4636
Jun 12 2025 18:32:41.399 UTC,1749771161.399,11783.6,31.04342,-103.53545,31,3,19,114,-158,3,2,11,10,-42,4.111,8855.6,TRUE,FALSE,FALSE,344.7808
Jun 12 2025 18:32:41.499 UTC,1749771161.499,11795.2,31.04341,-103.53545,31,3,19,111,-158,3,2,13,9,-42,4.111,8867.2,TRUE,FALSE,FALSE,346.7577
Jun 12 2025 18:32:41.599 UTC,1749771161.599,11806.5,31.04340,-103.53545,31,3,19,108,-158,3,1,15,8,-42,4.111,8878.5,TRUE,FALSE,FALSE,349.5110
Jun 12 2025 18:32:41.699 UTC,1749771161.699,11817.5,31.04340,-103.53545,31,3,19,105,-159,3,0,17,7,-42,4.111,8889.5,TRUE,FALSE,FALSE,350.8276
Jun 12 2025 18:32:41.799 UTC,1749771161.799,11828.2,31.04339,-103.53545,31,3,19,101,-158,3,0,16,8,-42,4.111,8900.2,TRUE,FALSE,FALSE,352.8035
Jun 12 2025 18:32:41.899 UTC,1749771161.899,11838.5,31.04339,-103.53546,31,3,19,98,-159,3,0,15,9,-42,4.111,8910.5,TRUE,FALSE,FALSE,354.9011
Jun 12 2025 18:32:42.000 UTC,1749771162.0,11848.4,31.04338,-103.53546,31,3,19,95,-159,3,0,13,11,-42,4.111,8920.4,TRUE,FALSE,FALSE,356.8749
Jun 12 2025 18:32:42.199 UTC,1749771162.199,11867.1,31.04338,-103.53546,31,3,19,88,-159,3,1,15,8,-42,4.111,8939.1,TRUE,FALSE,FALSE,360.1672
Jun 12 2025 18:32:42.299 UTC,1749771162.299,11876.0,31.04337,-103.53547,31,3,19,85,-160,3,1,13,10,-42,4.109,8948.0,TRUE,FALSE,FALSE,362.9224
Jun 12 2025 18:32:42.399 UTC,1749771162.399,11884.5,31.04337,-103.53547,31,3,19,82,-160,3,1,13,9,-42,4.109,8956.5,TRUE,FALSE,FALSE,364.2384
Jun 12 2025 18:32:42.499 UTC,1749771162.499,11892.6,31.04336,-103.53547,31,3,19,79,-160,3,1,13,9,-42,4.109,8964.6,TRUE,FALSE,FALSE,366.2135
Jun 12 2025 18:32:42.599 UTC,1749771162.599,11900.5,31.04335,-103.53548,31,3,19,76,-160,3,1,13,9,-42,4.109,8972.5,TRUE,FALSE,FALSE,368.9708
Jun 12 2025 18:32:42.699 UTC,1749771162.699,11908.0,31.04335,-103.53548,31,3,19,73,-160,3,1,11,11,-42,4.109,8980.0,TRUE,FALSE,FALSE,370.2863
Jun 12 2025 18:32:42.799 UTC,1749771162.799,11915.2,31.04334,-103.53548,31,3,19,69,-161,3,1,11,11,-42,4.109,8987.2,TRUE,FALSE,FALSE,372.2604
Jun 12 2025 18:32:42.899 UTC,1749771162.899,11922.1,31.04334,-103.53548,31,3,19,66,-161,3,1,12,10,-42,4.109,8994.1,TRUE,FALSE,FALSE,374.2360
Jun 12 2025 18:32:43.000 UTC,1749771163.0,11928.6,31.04333,-103.53548,31,3,19,63,-160,3,1,15,8,-42,4.109,9000.6,TRUE,FALSE,FALSE,376.3345
Jun 12 2025 18:32:43.199 UTC,1749771163.199,11940.7,31.04333,-103.53548,31,3,19,56,-161,3,0,17,6,-42,4.109,9012.7,TRUE,FALSE,FALSE,379.6243
Jun 12 2025 18:32:43.299 UTC,1749771163.299,11946.3,31.04332,-103.53548,31,3,19,53,-161,3,1,15,7,-42,4.109,9018.3,TRUE,FALSE,FALSE,381.5997
Jun 12 2025 18:32:43.399 UTC,1749771163.399,11951.6,31.04331,-103.53549,31,3,19,50,-161,3,2,14,7,-42,4.109,9023.6,TRUE,FALSE,FALSE,384.3558
Jun 12 2025 18:32:43.499 UTC,1749771163.499,11956.4,31.04331,-103.53549,31,3,19,46,-161,3,2,14,7,-42,4.109,9028.4,TRUE,FALSE,FALSE,385.6717
Jun 12 2025 18:32:43.599 UTC,1749771163.599,11961.0,31.04330,-103.53549,31,3,19,43,-162,3,2,15,6,-42,4.109,9033.0,TRUE,FALSE,FALSE,387.6465
Jun 12 2025 18:32:43.699 UTC,1749771163.699,11965.2,31.04330,-103.53549,31,3,19,40,-161,3,2,15,6,-42,4.109,9037.2,TRUE,FALSE,FALSE,388.9635
Jun 12 2025 18:32:43.799 UTC,1749771163.799,11969.2,31.04329,-103.53550,31,3,19,37,-161,3,3,13,7,-42,4.109,9041.2,TRUE,FALSE,FALSE,391.7196
Jun 12 2025 18:32:43.899 UTC,1749771163.899,11972.8,31.04329,-103.53550,31,3,19,34,-161,3,3,12,8,-42,4.109,9044.8,TRUE,FALSE,FALSE,393.6936
Jun 12 2025 18:32:44.000 UTC,1749771164.0,11976.1,31.04329,-103.53550,31,3,19,31,-161,3,3,11,9,-42,4.109,9048.1,TRUE,FALSE,FALSE,395.0101
Jun 12 2025 18:32:44.199 UTC,1749771164.199,11981.7,31.04328,-103.53551,31,3,19,24,-161,3,2,12,8,-42,4.109,9053.7,TRUE,FALSE,FALSE,399.0831
Jun 12 2025 18:32:44.299 UTC,1749771164.299,11984.0,31.04327,-103.53551,31,3,19,21,-161,3,2,13,8,-42,4.109,9056.0,TRUE,FALSE,FALSE,401.0573
Jun 12 2025 18:32:44.499 UTC,1749771164.499,11987.7,31.04326,-103.53551,31,3,19,14,-161,3,2,13,8,-42,4.11,9059.7,TRUE,FALSE,FALSE,404.3501
Jun 12 2025 18:32:44.599 UTC,1749771164.599,11989.1,31.04325,-103.53551,31,3,19,12,-161,3,2,12,9,-42,4.11,9061.1,TRUE,FALSE,FALSE,407.1048
Jun 12 2025 18:32:44.699 UTC,1749771164.699,11990.2,31.04325,-103.53551,31,3,19,8,-161,3,2,13,8,-42,4.11,9062.2,TRUE,FALSE,FALSE,408.4210
Jun 12 2025 18:32:44.799 UTC,1749771164.799,11990.9,31.04325,-103.53551,31,3,19,5,-161,3,2,15,6,-42,4.11,9062.9,TRUE,FALSE,FALSE,410.3962
Jun 12 2025 18:32:44.899 UTC,1749771164.899,11991.3,31.04324,-103.53551,31,3,19,1,-161,3,2,16,5,-42,4.11,9063.3,TRUE,FALSE,FALSE,412.3727
Jun 12 2025 18:32:45.000 UTC,1749771165.0,11991.6,31.04324,-103.53552,29,3,20,0,-162,3,3,13,5,-42,4.11,9063.6,TRUE,FALSE,FALSE,414.4685
Jun 12 2025 18:32:45.199 UTC,1749771165.199,11991.8,31.04322,-103.53552,30,3,20,1,-171,3,3,13,5,-42,4.11,9063.8,TRUE,FALSE,FALSE,418.4187
Jun 12 2025 18:32:45.299 UTC,1749771165.299,11992.0,31.04322,-103.53552,31,3,22,5,179,3,3,13,5,-42,4.11,9064.0,TRUE,TRUE,FALSE,420.3955
Jun 12 2025 18:32:45.399 UTC,1749771165.399,11991.8,31.04321,-103.53552,30,3,24,1,176,3,4,13,5,-42,4.11,9063.8,TRUE,TRUE,FALSE,423.0329
Jun 12 2025 18:32:45.499 UTC,1749771165.499,11990.8,31.04321,-103.53552,30,3,23,-3,179,3,4,12,6,-42,4.11,9062.8,TRUE,TRUE,FALSE,425.0121
Jun 12 2025 18:32:45.599 UTC,1749771165.599,11989.1,31.04320,-103.53552,30,3,22,-12,-174,3,5,10,6,-42,4.11,9061.1,TRUE,TRUE,FALSE,426.9924
Jun 12 2025 18:32:45.699 UTC,1749771165.699,11986.9,31.04319,-103.53552,31,3,21,-23,-169,3,5,10,7,-42,4.11,9058.9,TRUE,TRUE,FALSE,428.9739
Jun 12 2025 18:32:45.799 UTC,1749771165.799,11984.0,31.04319,-103.53552,31,3,21,-30,-166,3,4,11,7,-42,4.11,9056.0,TRUE,TRUE,FALSE,430.9562
Jun 12 2025 18:32:45.899 UTC,1749771165.899,11980.7,31.04318,-103.53553,31,3,21,-34,-165,3,4,10,8,-42,4.11,9052.7,TRUE,TRUE,FALSE,433.6960
Jun 12 2025 18:32:46.000 UTC,1749771166.0,11977.1,31.04318,-103.53553,30,3,21,-37,-166,3,4,8,9,-42,4.11,9049.1,TRUE,TRUE,FALSE,435.6769
Jun 12 2025 18:32:46.199 UTC,1749771166.199,11969.0,31.04316,-103.53553,31,3,21,-42,-168,3,3,8,10,-42,4.11,9041.0,TRUE,TRUE,FALSE,440.3029
Jun 12 2025 18:32:46.299 UTC,1749771166.299,11964.6,31.04316,-103.53553,31,3,21,-45,-167,3,3,10,9,-42,4.11,9036.6,TRUE,TRUE,FALSE,442.2873
Jun 12 2025 18:32:46.399 UTC,1749771166.399,11959.9,31.04315,-103.53554,30,3,21,-47,-169,3,3,10,8,-42,4.11,9031.9,TRUE,TRUE,FALSE,445.0223
Jun 12 2025 18:32:46.499 UTC,1749771166.499,11955.1,31.04315,-103.53554,31,3,22,-47,-171,3,2,11,9,-42,4.11,9027.1,TRUE,TRUE,FALSE,447.0053
Jun 12 2025 18:32:46.599 UTC,1749771166.599,11950.4,31.04314,-103.53554,31,3,23,-47,-171,3,2,11,9,-42,4.11,9022.4,TRUE,TRUE,FALSE,448.9891
Jun 12 2025 18:32:46.899 UTC,1749771166.899,11934.8,31.04312,-103.53555,31,3,21,-56,-166,3,2,12,9,-42,4.115,9006.8,TRUE,TRUE,FALSE,456.3526
Jun 12 2025 18:32:47.000 UTC,1749771167.0,11929.0,31.04312,-103.53555,31,3,21,-59,-165,3,2,11,10,-42,4.115,9001.0,TRUE,TRUE,FALSE,458.3372
Jun 12 2025 18:32:47.199 UTC,1749771167.199,11916.8,31.04311,-103.53555,31,3,20,-63,-162,3,3,11,8,-42,4.115,8988.8,TRUE,TRUE,FALSE,461.6471
Jun 12 2025 18:32:47.299 UTC,1749771167.299,11910.5,31.04310,-103.53555,31,3,21,-64,-163,3,3,11,8,-42,4.115,8982.5,TRUE,TRUE,FALSE,464.3775
Jun 12 2025 18:32:47.399 UTC,1749771167.399,11904.0,31.04309,-103.53555,31,3,21,-66,-165,3,3,11,8,-42,4.115,8976.0,TRUE,TRUE,FALSE,466.3622
Jun 12 2025 18:32:47.499 UTC,1749771167.499,11897.2,31.04309,-103.53555,31,3,21,-68,-166,3,3,11,8,-42,4.115,8969.2,TRUE,TRUE,FALSE,468.3479
Jun 12 2025 18:32:48.000 UTC,1749771168.0,11860.8,31.04306,-103.53556,31,3,24,-75,-170,3,4,8,10,-42,4.115,8932.8,TRUE,TRUE,FALSE,480.3478
Jun 12 2025 18:32:49.000 UTC,1749771169.0,11778.8,31.04299,-103.53558,31,3,23,-89,-168,3,3,10,9,-42,4.116,8850.8,TRUE,TRUE,FALSE,503.6948
Jun 12 2025 18:32:50.000 UTC,1749771170.0,11682.7,31.04293,-103.53559,31,3,24,-98,-167,3,4,9,9,-42,4.116,8754.7,TRUE,TRUE,FALSE,527.0536
Jun 12 2025 18:32:51.000 UTC,1749771171.0,11584.7,31.04286,-103.53561,31,3,25,-98,-170,3,4,11,8,-42,4.116,8656.7,TRUE,TRUE,FALSE,552.4200
Jun 12 2025 18:32:52.000 UTC,1749771172.0,11483.7,31.04279,-103.53562,31,3,26,-105,-167,3,3,12,6,-42,4.116,8555.7,TRUE,TRUE,FALSE,577.8005
Jun 12 2025 18:32:53.000 UTC,1749771173.0,11371.7,31.04272,-103.53564,31,3,25,-116,-169,3,1,14,7,-42,4.116,8443.7,TRUE,TRUE,FALSE,604.5450
Jun 12 2025 18:32:54.000 UTC,1749771174.0,11251.4,31.04265,-103.53566,31,3,29,-123,-171,3,3,13,8,-42,4.115,8323.4,TRUE,TRUE,FALSE,631.2763
Jun 12 2025 18:32:56.000 UTC,1749771176.0,10998.7,31.04246,-103.53570,31,3,37,-123,-167,3,4,12,6,-42,4.116,8070.7,TRUE,TRUE,FALSE,700.8409
Jun 12 2025 18:32:57.000 UTC,1749771177.0,10874.3,31.04236,-103.53573,31,3,38,-123,-165,3,4,13,5,-42,4.116,7946.3,TRUE,TRUE,FALSE,738.2961
Jun 12 2025 18:32:58.000 UTC,1749771178.0,10748.2,31.04226,-103.53576,31,3,38,-128,-164,3,1,16,5,-42,4.116,7820.2,TRUE,TRUE,FALSE,777.0933
Jun 12 2025 18:32:59.000 UTC,1749771179.0,10615.2,31.04215,-103.53580,31,3,42,-134,-162,3,2,13,7,-42,4.116,7687.2,TRUE,TRUE,FALSE,817.8782
Jun 12 2025 18:33:00.000 UTC,1749771180.0,10482.9,31.04204,-103.53584,31,3,42,-126,-165,3,3,11,7,-42,4.086,7554.9,TRUE,TRUE,FALSE,861.9971
Jun 12 2025 18:33:01.000 UTC,1749771181.0,10357.3,31.04193,-103.53588,31,3,40,-127,-158,3,1,11,11,-42,4.086,7429.3,TRUE,TRUE,FALSE,903.4552
Jun 12 2025 18:33:02.000 UTC,1749771182.0,10234.6,31.04184,-103.53593,31,3,30,-117,-158,3,2,12,7,-42,4.086,7306.6,TRUE,TRUE,FALSE,939.5526
Jun 12 2025 18:33:03.000 UTC,1749771183.0,10119.5,31.04176,-103.53596,31,3,28,-117,-156,3,0,9,11,-42,4.116,7191.5,TRUE,TRUE,FALSE,968.9765
Jun 12 2025 18:33:04.000 UTC,1749771184.0,9998.8,31.04170,-103.53600,31,3,18,-121,-155,3,0,12,11,-42,4.116,7070.8,TRUE,TRUE,FALSE,992.4019
Jun 12 2025 18:33:05.000 UTC,1749771185.0,9874.8,31.04165,-103.53601,31,3,23,-128,-162,3,0,10,13,-42,4.116,6946.8,TRUE,TRUE,FALSE,1011.7903
Jun 12 2025 18:33:06.000 UTC,1749771186.0,9742.8,31.04158,-103.53603,31,3,28,-135,-166,3,0,8,13,-42,4.116,6814.8,TRUE,TRUE,FALSE,1037.8693
Jun 12 2025 18:33:07.000 UTC,1749771187.0,9608.9,31.04151,-103.53604,31,3,28,-125,-178,3,0,8,12,-42,4.115,6680.9,TRUE,TRUE,FALSE,1065.9408
Jun 12 2025 18:33:08.000 UTC,1749771188.0,9490.3,31.04143,-103.53605,31,3,24,-109,-178,3,0,9,10,-42,4.115,6562.3,TRUE,TRUE,FALSE,1092.0337
Jun 12 2025 18:33:09.000 UTC,1749771189.0,9379.5,31.04137,-103.53605,31,3,21,-116,-177,3,0,12,9,-42,4.086,6451.5,TRUE,TRUE,FALSE,1112.8090
Jun 12 2025 18:33:10.000 UTC,1749771190.0,9262.8,31.04131,-103.53606,31,3,21,-116,-179,3,0,11,12,-42,4.086,6334.8,TRUE,TRUE,FALSE,1136.2647
Jun 12 2025 18:33:11.000 UTC,1749771191.0,9147.3,31.04126,-103.53605,31,3,20,-112,-178,3,0,12,11,-42,4.086,6219.3,TRUE,TRUE,FALSE,1153.7774
Jun 12 2025 18:33:12.000 UTC,1749771192.0,9032.4,31.04120,-103.53606,31,3,17,-115,-177,3,0,13,8,-42,4.117,6104.4,TRUE,TRUE,FALSE,1173.9065
Jun 12 2025 18:33:13.000 UTC,1749771193.0,8918.9,31.04116,-103.53606,31,3,14,-113,-179,3,0,9,12,-42,4.117,5990.9,TRUE,TRUE,FALSE,1188.7185
Jun 12 2025 18:33:14.000 UTC,1749771194.0,8806.0,31.04112,-103.53606,31,3,12,-112,-179,3,0,9,13,-42,4.117,5878.0,TRUE,TRUE,FALSE,1202.1951
Jun 12 2025 18:33:15.000 UTC,1749771195.0,8692.5,31.04109,-103.53605,31,3,13,-112,163,3,0,9,11,-42,4.117,5764.5,TRUE,TRUE,FALSE,1213.7389
Jun 12 2025 18:33:16.000 UTC,1749771196.0,8578.1,31.04105,-103.53604,31,3,12,-112,170,3,0,10,10,-42,4.116,5650.1,TRUE,TRUE,FALSE,1225.9826
Jun 12 2025 18:33:17.000 UTC,1749771197.0,8471.4,31.04102,-103.53603,32,3,9,-103,179,3,1,8,10,-42,4.116,5543.4,TRUE,TRUE,FALSE,1236.2222
Jun 12 2025 18:33:18.000 UTC,1749771198.0,8365.8,31.04099,-103.53604,32,3,10,-108,-179,3,0,11,11,-42,4.116,5437.8,TRUE,TRUE,FALSE,1246.2627
Jun 12 2025 18:33:19.000 UTC,1749771199.0,8258.3,31.04097,-103.53605,32,3,10,-108,-151,3,0,11,9,-42,4.117,5330.3,TRUE,TRUE,FALSE,1256.3031
Jun 12 2025 18:33:24.000 UTC,1749771204.0,7722.7,31.04083,-103.53619,32,3,14,-108,-137,3,4,8,9,-42,4.117,4794.7,TRUE,TRUE,FALSE,1314.2801
Jun 12 2025 18:33:25.000 UTC,1749771205.0,7611.3,31.04081,-103.53622,32,3,11,-112,-100,3,2,13,7,-42,4.117,4683.3,TRUE,TRUE,FALSE,1324.8325
Jun 12 2025 18:33:26.000 UTC,1749771206.0,7500.8,31.04081,-103.53625,32,3,10,-109,-106,3,2,11,8,-42,4.117,4572.8,TRUE,TRUE,FALSE,1330.1076
Jun 12 2025 18:33:27.000 UTC,1749771207.0,7392.2,31.04080,-103.53629,32,3,7,-109,-96,3,0,16,8,-42,4.115,4464.2,TRUE,TRUE,FALSE,1333.4302
Jun 12 2025 18:33:28.000 UTC,1749771208.0,7282.6,31.04080,-103.53630,32,3,6,-106,-61,3,0,14,8,-42,4.115,4354.6,TRUE,TRUE,FALSE,1334.7801
Jun 12 2025 18:33:29.000 UTC,1749771209.0,7180.6,31.04080,-103.53632,32,3,5,-100,-121,3,0,15,6,-42,4.117,4252.6,TRUE,TRUE,FALSE,1336.8130
Jun 12 2025 18:33:30.000 UTC,1749771210.0,7081.8,31.04080,-103.53633,32,3,6,-97,-125,3,0,11,10,-42,4.117,4153.8,TRUE,TRUE,FALSE,1339.5268
Jun 12 2025 18:33:31.000 UTC,1749771211.0,6982.9,31.04079,-103.53635,32,3,5,-99,-147,3,0,12,10,-42,4.089,4054.9,TRUE,TRUE,FALSE,1344.9174
Jun 12 2025 18:33:32.000 UTC,1749771212.0,6878.6,31.04077,-103.53636,32,3,7,-108,-141,3,2,9,11,-42,4.089,3950.6,TRUE,TRUE,FALSE,1350.9820
Jun 12 2025 18:33:33.000 UTC,1749771213.0,6765.8,31.04075,-103.53638,32,3,11,-113,-139,3,2,13,9,-42,4.089,3837.8,TRUE,TRUE,FALSE,1359.7598
Jun 12 2025 18:33:34.000 UTC,1749771214.0,6653.0,31.04074,-103.53641,32,3,10,-110,-132,3,1,11,10,-42,4.117,3725.0,TRUE,TRUE,FALSE,1368.5544
Jun 12 2025 18:33:35.000 UTC,1749771215.0,6545.1,31.04071,-103.53643,32,3,10,-103,-150,3,2,14,5,-42,4.117,3617.1,TRUE,TRUE,FALSE,1378.6921
Jun 12 2025 18:33:36.000 UTC,1749771216.0,6437.6,31.04069,-103.53645,32,3,8,-106,-157,3,1,14,7,-42,4.116,3509.6,TRUE,TRUE,FALSE,1388.1103
Jun 12 2025 18:33:37.000 UTC,1749771217.0,6329.8,31.04067,-103.53645,32,3,4,-110,-145,3,1,12,8,-42,4.116,3401.8,TRUE,TRUE,FALSE,1395.4728
Jun 12 2025 18:33:38.000 UTC,1749771218.0,6217.8,31.04067,-103.53647,32,3,4,-113,-140,3,1,14,7,-42,4.116,3289.8,TRUE,TRUE,FALSE,1398.2674
Jun 12 2025 18:33:39.000 UTC,1749771219.0,6105.2,31.04066,-103.53648,32,3,10,-111,-97,3,0,12,8,-42,4.116,3177.2,TRUE,TRUE,FALSE,1403.0597
Jun 12 2025 18:33:41.000 UTC,1749771221.0,5896.4,31.04064,-103.53654,32,3,7,-99,-128,3,2,11,9,-42,4.117,2968.4,TRUE,TRUE,FALSE,1412.9703
Jun 12 2025 18:33:42.000 UTC,1749771222.0,5789.1,31.04063,-103.53655,32,3,7,-112,-100,3,2,11,9,-42,4.117,2861.1,TRUE,TRUE,FALSE,1418.4651
Jun 12 2025 18:33:43.000 UTC,1749771223.0,5676.2,31.04062,-103.53658,32,3,7,-114,-145,3,2,12,7,-42,4.116,2748.2,TRUE,TRUE,FALSE,1424.0869
Jun 12 2025 18:33:44.000 UTC,1749771224.0,5556.7,31.04060,-103.53658,32,3,9,-123,-179,3,2,13,6,-42,4.116,2628.7,TRUE,TRUE,FALSE,1432.1091
Jun 12 2025 18:33:45.000 UTC,1749771225.0,5431.5,31.04057,-103.53658,32,3,15,-124,153,3,3,13,6,-42,4.116,2503.5,TRUE,TRUE,FALSE,1441.8750
Jun 12 2025 18:33:46.000 UTC,1749771226.0,5310.1,31.04054,-103.53655,32,3,12,-115,148,3,1,13,8,-42,4.115,2382.1,TRUE,TRUE,FALSE,1451.4704
Jun 12 2025 18:33:47.000 UTC,1749771227.0,5196.9,31.04050,-103.53653,32,3,16,-111,148,3,1,10,12,-42,4.115,2268.9,TRUE,TRUE,FALSE,1461.1455
Jun 12 2025 18:33:48.000 UTC,1749771228.0,5082.8,31.04046,-103.53650,32,3,17,-116,138,3,0,15,7,-42,4.116,2154.8,TRUE,TRUE,FALSE,1471.5087
Jun 12 2025 18:33:50.000 UTC,1749771230.0,4856.4,31.04040,-103.53641,32,3,15,-103,138,3,0,11,12,-42,4.116,1928.4,TRUE,TRUE,FALSE,1484.5635
Jun 12 2025 18:33:51.000 UTC,1749771231.0,4751.4,31.04037,-103.53638,32,3,14,-109,136,3,0,10,11,-42,4.117,1823.4,TRUE,TRUE,FALSE,1492.6629
Jun 12 2025 18:33:52.000 UTC,1749771232.0,4641.3,31.04034,-103.53633,32,3,19,-108,116,3,0,11,9,-42,4.117,1713.3,TRUE,TRUE,FALSE,1498.9434
Jun 12 2025 18:33:53.000 UTC,1749771233.0,4535.8,31.04032,-103.53629,32,3,11,-100,135,3,0,9,12,-42,4.116,1607.8,TRUE,TRUE,FALSE,1503.3051
Jun 12 2025 18:33:54.000 UTC,1749771234.0,4441.5,31.04030,-103.53628,32,3,10,-89,167,3,9,7,5,-42,4.116,1513.5,TRUE,TRUE,FALSE,1511.5641
Jun 12 2025 18:33:55.000 UTC,1749771235.0,4343.2,31.04028,-103.53627,32,3,1,-99,-158,3,7,12,5,-42,4.114,1415.2,TRUE,TRUE,FALSE,1515.7059
Jun 12 2025 18:33:56.000 UTC,1749771236.0,4246.0,31.04028,-103.53628,32,3,2,-94,-27,3,0,16,7,-42,4.114,1318.0,TRUE,TRUE,FALSE,1516.9658
Jun 12 2025 18:33:57.000 UTC,1749771237.0,4194.2,31.04033,-103.53626,32,3,10,-30,42,3,0,6,12,-42,4.114,1266.2,TRUE,TRUE,FALSE,1499.5867
Jun 12 2025 18:33:58.000 UTC,1749771238.0,4168.3,31.04028,-103.53628,32,3,12,-21,-173,3,0,13,7,-42,4.109,1240.3,TRUE,TRUE,FALSE,1516.9658
Jun 12 2025 18:33:59.000 UTC,1749771239.0,4149.1,31.04027,-103.53625,32,3,0,-19,105,3,2,8,11,-42,4.109,1221.1,TRUE,TRUE,FALSE,1520.6325
Jun 12 2025 18:34:01.000 UTC,1749771241.0,4109.0,31.04020,-103.53631,32,3,16,-21,-146,3,4,11,6,-42,4.11,1181.0,TRUE,TRUE,FALSE,1547.6738
Jun 12 2025 18:34:03.000 UTC,1749771243.0,4067.0,31.04011,-103.53639,32,3,22,-19,-150,3,1,11,10,-42,4.11,1139.0,TRUE,TRUE,FALSE,1585.3050
Jun 12 2025 18:34:05.000 UTC,1749771245.0,4028.7,31.04005,-103.53650,32,3,19,-18,-101,3,0,11,9,-42,4.111,1100.7,TRUE,TRUE,FALSE,1617.0101
Jun 12 2025 18:34:07.000 UTC,1749771247.0,3986.6,31.04007,-103.53661,32,3,17,-22,-53,3,0,11,10,-42,4.111,1058.6,TRUE,TRUE,FALSE,1618.4642
Jun 12 2025 18:34:08.000 UTC,1749771248.0,3964.3,31.04010,-103.53664,32,3,14,-21,-37,3,1,13,6,-42,4.111,1036.3,TRUE,TRUE,FALSE,1610.7164
Jun 12 2025 18:34:09.000 UTC,1749771249.0,3942.4,31.04014,-103.53667,32,3,14,-22,-30,3,1,13,8,-42,4.08,1014.4,TRUE,TRUE,FALSE,1601.6277
Jun 12 2025 18:34:10.000 UTC,1749771250.0,3920.1,31.04017,-103.53669,32,3,14,-21,-25,3,1,10,9,-42,4.08,992.1,TRUE,TRUE,FALSE,1591.9463
Jun 12 2025 18:34:11.000 UTC,1749771251.0,3897.5,31.04021,-103.53670,32,3,11,-23,3,3,0,10,14,-42,4.08,969.5,TRUE,TRUE,FALSE,1580.1491
Jun 12 2025 18:34:12.000 UTC,1749771252.0,3874.2,31.04023,-103.53669,32,3,9,-24,26,3,0,11,11,-42,4.109,946.2,TRUE,TRUE,FALSE,1570.1446
Jun 12 2025 18:34:13.000 UTC,1749771253.0,3849.2,31.04025,-103.53667,32,3,10,-25,49,3,0,8,14,-42,4.109,921.2,TRUE,TRUE,FALSE,1560.6022
Jun 12 2025 18:34:15.000 UTC,1749771255.0,3801.5,31.04028,-103.53660,32,3,12,-22,80,3,0,13,10,-42,4.109,873.5,TRUE,TRUE,FALSE,1545.3076
Jun 12 2025 18:34:18.000 UTC,1749771258.0,3733.6,31.04023,-103.53651,32,3,13,-23,178,3,1,12,9,-42,4.11,805.6,TRUE,TRUE,FALSE,1554.1509
Jun 12 2025 18:34:19.000 UTC,1749771259.0,3711.0,31.04020,-103.53653,32,3,14,-22,-154,3,0,13,10,-42,4.11,783.0,TRUE,TRUE,FALSE,1568.2004
Jun 12 2025 18:34:20.000 UTC,1749771260.0,3687.2,31.04016,-103.53655,32,3,14,-23,-140,3,0,12,10,-42,4.11,759.2,TRUE,TRUE,FALSE,1582.9399
Jun 12 2025 18:34:21.000 UTC,1749771261.0,3663.7,31.04013,-103.53658,30,3,16,-21,-129,3,0,11,9,-42,4.11,735.7,TRUE,TRUE,FALSE,1596.3844
Jun 12 2025 18:34:22.000 UTC,1749771262.0,3642.4,31.04010,-103.53664,31,3,17,-20,-112,3,0,14,7,-42,4.111,714.4,TRUE,TRUE,FALSE,1609.9961
Jun 12 2025 18:34:23.000 UTC,1749771263.0,3621.6,31.04009,-103.53669,32,3,17,-19,-100,3,0,15,6,-42,4.111,693.6,TRUE,TRUE,FALSE,1620.4037
Jun 12 2025 18:34:24.000 UTC,1749771264.0,3601.2,31.04009,-103.53675,31,3,20,-20,-80,3,0,11,12,-42,4.111,673.2,TRUE,TRUE,FALSE,1626.4144
Jun 12 2025 18:34:25.000 UTC,1749771265.0,3581.5,31.04011,-103.53680,31,3,19,-19,-55,3,1,13,8,-42,4.111,653.5,TRUE,TRUE,FALSE,1625.2625
Jun 12 2025 18:34:26.000 UTC,1749771266.0,3561.5,31.04014,-103.53684,32,3,17,-20,-32,3,0,14,9,-42,4.112,633.5,TRUE,TRUE,FALSE,1616.7917
Jun 12 2025 18:34:27.000 UTC,1749771267.0,3541.5,31.04019,-103.53687,30,3,15,-20,-7,3,0,12,8,-42,4.112,613.5,TRUE,TRUE,FALSE,1604.8540
Jun 12 2025 18:34:28.000 UTC,1749771268.0,3522.0,31.04023,-103.53687,31,3,14,-19,10,3,0,10,9,-42,4.112,594.0,TRUE,TRUE,FALSE,1591.1401
Jun 12 2025 18:34:29.000 UTC,1749771269.0,3502.6,31.04026,-103.53685,32,3,12,-19,32,3,1,11,11,-42,4.111,574.6,TRUE,TRUE,FALSE,1577.7231
Jun 12 2025 18:34:30.000 UTC,1749771270.0,3483.1,31.04028,-103.53682,32,3,8,-19,59,3,0,11,12,-42,4.111,555.1,TRUE,TRUE,FALSE,1567.2184
Jun 12 2025 18:34:32.000 UTC,1749771272.0,3444.2,31.04027,-103.53678,32,3,10,-21,-176,3,1,12,9,-42,4.112,516.2,TRUE,TRUE,FALSE,1568.3747
Jun 12 2025 18:34:33.000 UTC,1749771273.0,3422.5,31.04024,-103.53680,32,3,12,-21,-129,3,0,11,12,-42,4.112,494.5,TRUE,TRUE,FALSE,1579.3225
Jun 12 2025 18:34:35.000 UTC,1749771275.0,3376.5,31.04022,-103.53690,31,3,17,-22,-74,3,1,11,9,-42,4.111,448.5,TRUE,TRUE,FALSE,1595.8063
Jun 12 2025 18:34:36.000 UTC,1749771276.0,3354.9,31.04025,-103.53695,32,3,19,-22,-45,3,1,13,7,-42,4.081,426.9,TRUE,TRUE,FALSE,1593.3754
Jun 12 2025 18:34:37.000 UTC,1749771277.0,3332.5,31.04029,-103.53699,32,3,19,-22,-32,3,0,11,12,-42,4.081,404.5,TRUE,TRUE,FALSE,1584.2087
Jun 12 2025 18:34:38.000 UTC,1749771278.0,3309.4,31.04034,-103.53701,30,3,20,-23,-18,3,0,13,8,-42,4.081,381.4,TRUE,TRUE,FALSE,1570.1653
Jun 12 2025 18:34:39.000 UTC,1749771279.0,3286.3,31.04039,-103.53703,32,3,19,-24,-1,3,0,14,10,-42,4.111,358.3,TRUE,TRUE,FALSE,1554.0237
Jun 12 2025 18:34:40.000 UTC,1749771280.0,3262.9,31.04045,-103.53702,32,3,21,-23,6,3,0,10,12,-42,4.111,334.9,TRUE,TRUE,FALSE,1533.8621
Jun 12 2025 18:34:41.000 UTC,1749771281.0,3240.4,31.04050,-103.53700,32,3,20,-22,23,3,0,13,10,-42,4.111,312.4,TRUE,TRUE,FALSE,1513.4166
Jun 12 2025 18:34:42.000 UTC,1749771282.0,3218.3,31.04055,-103.53697,31,3,15,-21,38,3,0,14,8,-42,4.111,290.3,TRUE,TRUE,FALSE,1494.9249
Jun 12 2025 18:34:43.000 UTC,1749771283.0,3197.1,31.04057,-103.53695,31,3,11,-20,45,3,0,7,12,-42,4.111,269.1,TRUE,TRUE,FALSE,1483.1405
Jun 12 2025 18:34:44.000 UTC,1749771284.0,3177.8,31.04059,-103.53693,32,3,5,-18,72,3,0,12,11,-42,4.111,249.8,TRUE,TRUE,FALSE,1475.8505
Jun 12 2025 18:34:45.000 UTC,1749771285.0,3159.6,31.04059,-103.53692,31,3,3,-18,-131,3,1,10,12,-42,4.111,231.6,TRUE,TRUE,FALSE,1474.9215
Jun 12 2025 18:34:46.000 UTC,1749771286.0,3141.4,31.04058,-103.53694,32,3,10,-18,-96,3,0,15,8,-42,4.11,213.4,TRUE,TRUE,FALSE,1480.2816
Jun 12 2025 18:34:47.000 UTC,1749771287.0,3122.2,31.04058,-103.53698,32,3,15,-20,-87,3,0,13,9,-42,4.11,194.2,TRUE,TRUE,FALSE,1484.3615
Jun 12 2025 18:34:48.000 UTC,1749771288.0,3100.8,31.04058,-103.53704,32,3,21,-21,-78,3,0,12,6,-42,4.11,172.8,TRUE,TRUE,FALSE,1490.8115
Jun 12 2025 18:34:49.000 UTC,1749771289.0,3078.5,31.04060,-103.53710,32,3,19,-23,-67,3,1,13,8,-42,4.11,150.5,TRUE,TRUE,FALSE,1493.0566
Jun 12 2025 18:34:50.000 UTC,1749771290.0,3054.1,31.04062,-103.53716,32,3,21,-25,-61,3,0,13,9,-42,4.11,126.1,TRUE,TRUE,FALSE,1493.6863
Jun 12 2025 18:34:52.000 UTC,1749771292.0,3005.5,31.04072,-103.53727,32,3,24,-24,-29,3,0,11,11,-42,4.11,77.5,TRUE,TRUE,FALSE,1477.5426
Jun 12 2025 18:34:53.000 UTC,1749771293.0,2981.6,31.04078,-103.53730,32,3,23,-22,-15,3,0,10,12,-42,4.08,53.6,TRUE,TRUE,FALSE,1462.9210
Jun 12 2025 18:34:55.000 UTC,1749771295.0,2949.4,31.04087,-103.53729,32,3,3,-1,129,3,3,11,7,-42,4.08,21.4,TRUE,TRUE,TRUE,1431.7907
Jun 12 2025 18:34:56.000 UTC,1749771296.0,2948.4,31.04087,-103.53728,32,3,0,0,161,3,0,4,14,-42,4.111,20.4,TRUE,TRUE,TRUE,1431.2527
Jun 12 2025 18:34:57.000 UTC,1749771297.0,2948.5,31.04087,-103.53728,32,3,0,0,137,3,1,9,9,-42,4.111,20.5,TRUE,TRUE,TRUE,1431.2527
Jun 12 2025 18:34:58.000 UTC,1749771298.0,2948.4,31.04087,-103.53728,32,3,0,0,-59,3,1,10,9,-42,4.114,20.4,TRUE,TRUE,TRUE,1431.2527
Jun 12 2025 18:34:59.000 UTC,1749771299.0,2948.4,31.04087,-103.53729,32,3,0,0,-54,3,1,10,9,-42,4.114,20.4,TRUE,TRUE,TRUE,1433.0116
Jun 12 2025 18:34:59.000 UTC,1749771299.0,2948.4,31.04084,-103.53729,32,3,0,0,-54,3,1,10,9,-42,4.114,20.4,TRUE,TRUE,TRUE,1440.9554
